session_name,session_doi,place,date,raw_data,processed_data
20150611_REU-St-Gilles_scuba,https://doi.org/10.5281/zenodo.11408925,ST-GILLES,2015-06-11,1,0
20150615_REU-La-Saline_scuba,https://doi.org/10.5281/zenodo.11408927,LA-SALINE,2015-06-15,1,0
20150616_REU-La-Saline_scuba,https://doi.org/10.5281/zenodo.11408941,LA-SALINE,2015-06-16,1,0
20150617_REU-St-Leu_scuba,https://doi.org/10.5281/zenodo.11408955,ST-LEU,2015-06-17,1,0
20150619_REU-St-Gilles_scuba,https://doi.org/10.5281/zenodo.11408981,ST-GILLES,2015-06-19,1,0
20150807_REU-La-Saline_scuba,https://doi.org/10.5281/zenodo.11409002,LA-SALINE,2015-08-07,1,0
20150925_REU-La-Saline_scuba,https://doi.org/10.5281/zenodo.11409015,LA-SALINE,2015-09-25,1,0
20151026_REU-La-Saline_scuba,https://doi.org/10.5281/zenodo.11409054,LA-SALINE,2015-10-26,1,0
20151210_REU-La-Saline_scuba,https://doi.org/10.5281/zenodo.11409072,LA-SALINE,2015-12-10,1,0
20151210_REU-St-Gilles_scuba,https://doi.org/10.5281/zenodo.11409094,ST-GILLES,2015-12-10,1,0
20221019_SYC-aldabra-arm01_UAV-02_1,https://doi.org/10.5281/zenodo.12522599,ALDABRA-ARM01,2022-10-19,1,1
20221020_SYC-aldabra-arm01_UAV-02_1,https://doi.org/10.5281/zenodo.12522642,ALDABRA-ARM01,2022-10-20,1,1
20221020_SYC-aldabra-arm01_UAV-02_2,https://doi.org/10.5281/zenodo.12522732,ALDABRA-ARM01,2022-10-20,1,1
20221020_SYC-aldabra-arm01_UAV-02_3,https://doi.org/10.5281/zenodo.12522536,ALDABRA-ARM01,2022-10-20,1,1
20221020_SYC-aldabra-arm01_UAV-02_4,https://doi.org/10.5281/zenodo.12522546,ALDABRA-ARM01,2022-10-20,1,1
20221020_SYC-aldabra-arm01_UAV-02_5,https://doi.org/10.5281/zenodo.12522558,ALDABRA-ARM01,2022-10-20,1,1
20221020_SYC-aldabra-arm01_UAV-02_6,https://doi.org/10.5281/zenodo.12522542,ALDABRA-ARM01,2022-10-20,1,1
20221021_SYC-aldabra-arm01_UAV-02_10,https://doi.org/10.5281/zenodo.12522619,ALDABRA-ARM01,2022-10-21,1,1
20221021_SYC-aldabra-arm01_UAV-02_7,https://doi.org/10.5281/zenodo.12522680,ALDABRA-ARM01,2022-10-21,1,1
20221021_SYC-aldabra-arm01_UAV-02_8,https://doi.org/10.5281/zenodo.12522561,ALDABRA-ARM01,2022-10-21,1,1
20221021_SYC-aldabra-arm01_UAV-02_9,https://doi.org/10.5281/zenodo.12522656,ALDABRA-ARM01,2022-10-21,1,1
20221022_SYC-aldabra-arm06_UAV-02_15,https://doi.org/10.5281/zenodo.12522611,ALDABRA-ARM06,2022-10-22,1,1
20221022_SYC-aldabra-arm06_UAV-02_16,https://doi.org/10.5281/zenodo.12522574,ALDABRA-ARM06,2022-10-22,1,1
20221022_SYC-aldabra-passe-dubois_UAV-02_11,https://doi.org/10.5281/zenodo.12522633,ALDABRA-PASSE-DUBOIS,2022-10-22,1,1
20221022_SYC-aldabra-passe-dubois_UAV-02_12,https://doi.org/10.5281/zenodo.12522627,ALDABRA-PASSE-DUBOIS,2022-10-22,1,1
20221022_SYC-aldabra-passe-dubois_UAV-02_13,https://doi.org/10.5281/zenodo.12522702,ALDABRA-PASSE-DUBOIS,2022-10-22,1,1
20221022_SYC-aldabra-passe-dubois_UAV-02_14,https://doi.org/10.5281/zenodo.12522514,ALDABRA-PASSE-DUBOIS,2022-10-22,1,1
20221023_SYC-aldabra-arm06_UAV-02_17,https://doi.org/10.5281/zenodo.12522734,ALDABRA-ARM06,2022-10-23,1,1
20221023_SYC-aldabra-arm06_UAV-02_18,https://doi.org/10.5281/zenodo.12522698,ALDABRA-ARM06,2022-10-23,1,1
20221023_SYC-aldabra-arm06_UAV-02_19,https://doi.org/10.5281/zenodo.12522603,ALDABRA-ARM06,2022-10-23,1,1
20221023_SYC-aldabra-arm06_UAV-02_20,https://doi.org/10.5281/zenodo.12522554,ALDABRA-ARM06,2022-10-23,1,1
20221023_SYC-aldabra-arm06_UAV-02_21,https://doi.org/10.5281/zenodo.12522501,ALDABRA-ARM06,2022-10-23,1,1
20221024_SYC-aldabra-gigi_UAV-02_29,https://doi.org/10.5281/zenodo.12522672,ALDABRA-GIGI,2022-10-24,1,1
20221024_SYC-aldabra-gigi_UAV-02_30,https://doi.org/10.5281/zenodo.12522593,ALDABRA-GIGI,2022-10-24,1,1
20221024_SYC-aldabra-gigi_UAV-02_31,https://doi.org/10.5281/zenodo.12522721,ALDABRA-GIGI,2022-10-24,1,1
20221024_SYC-aldabra-passe-arm01_UAV-02_28,https://doi.org/10.5281/zenodo.12522664,ALDABRA-PASSE-ARM01,2022-10-24,1,1
20221024_SYC-aldabra-passe-dubois-40m_UAV-02_23,https://doi.org/10.5281/zenodo.12522715,ALDABRA-PASSE-DUBOIS-40M,2022-10-24,1,1
20221024_SYC-aldabra-passe-dubois-40m_UAV-02_24,https://doi.org/10.5281/zenodo.12522685,ALDABRA-PASSE-DUBOIS-40M,2022-10-24,1,1
20221024_SYC-aldabra-passe-dubois-40m_UAV-02_25,https://doi.org/10.5281/zenodo.12522607,ALDABRA-PASSE-DUBOIS-40M,2022-10-24,1,1
20221024_SYC-aldabra-passe-dubois-40m_UAV-02_26,https://doi.org/10.5281/zenodo.12522544,ALDABRA-PASSE-DUBOIS-40M,2022-10-24,1,1
20221024_SYC-aldabra-passe-dubois-MSP_UAV-02_27,https://doi.org/10.5281/zenodo.12522526,ALDABRA-PASSE-DUBOIS-MSP,2022-10-24,1,1
20221025_SYC-aldabra-arm01_UAV-02_32,https://doi.org/10.5281/zenodo.12522727,ALDABRA-ARM01,2022-10-25,1,1
20221025_SYC-aldabra-arm01_UAV-02_33,https://doi.org/10.5281/zenodo.12522507,ALDABRA-ARM01,2022-10-25,1,1
20221019_SYC-ALDABRA-ARM01_ASV-01_01,https://doi.org/10.5281/zenodo.11128166,ALDABRA-ARM01,2022-10-19,1,1
20221020_SYC-ALDABRA-ARM01_ASV-01_00,https://doi.org/10.5281/zenodo.11129028,ALDABRA-ARM01,2022-10-20,1,1
20221020_SYC-ALDABRA-ARM01_ASV-01_01,https://doi.org/10.5281/zenodo.11130071,ALDABRA-ARM01,2022-10-20,1,1
20221020_SYC-ALDABRA-ARM01_ASV-01_02,https://doi.org/10.5281/zenodo.11141801,ALDABRA-ARM01,2022-10-20,1,1
20221020_SYC-ALDABRA-ARM01_ASV-02_01,https://doi.org/10.5281/zenodo.11130408,ALDABRA-ARM01,2022-10-20,1,1
20221021_SYC-ALDABRA-ARM01_ASV-01_00,https://doi.org/10.5281/zenodo.11145110,ALDABRA-ARM01,2022-10-21,1,1
20221021_SYC-ALDABRA-ARM01_ASV-01_02,https://doi.org/10.5281/zenodo.11130454,ALDABRA-ARM01,2022-10-21,1,1
20221021_SYC-ALDABRA-ARM01_ASV-02_00,https://doi.org/10.5281/zenodo.11130512,ALDABRA-ARM01,2022-10-21,1,1
20221021_SYC-ALDABRA-ARM01_ASV-02_02,https://doi.org/10.5281/zenodo.11130577,ALDABRA-ARM01,2022-10-21,1,1
20221021_SYC-ALDABRA-DUBOIS_ASV-01_01,https://doi.org/10.5281/zenodo.11130664,ALDABRA-DUBOIS,2022-10-21,1,1
20221021_SYC-ALDABRA-DUBOIS_ASV-02_01,https://doi.org/10.5281/zenodo.11146766,ALDABRA-DUBOIS,2022-10-21,1,1
20221022_SYC-ALDABRA-ARM06_ASV-01_01,https://doi.org/10.5281/zenodo.11145841,ALDABRA-ARM06,2022-10-22,1,1
20221022_SYC-ALDABRA-ARM06_ASV-02_01,https://doi.org/10.5281/zenodo.11132283,ALDABRA-ARM06,2022-10-22,1,1
20221022_SYC-ALDABRA-ARM06_ASV-02_02,https://doi.org/10.5281/zenodo.11133481,ALDABRA-ARM06,2022-10-22,1,1
20221022_SYC-ALDABRA-GIGI_ASV-01_00,https://doi.org/10.5281/zenodo.11134164,ALDABRA-GIGI,2022-10-22,1,1
20221023_SYC-ALDABRA-DUBOIS_ASV-01_01,https://doi.org/10.5281/zenodo.11134930,ALDABRA-DUBOIS,2022-10-23,1,1
20221023_SYC-ALDABRA-DUBOIS_ASV-01_02,https://doi.org/10.5281/zenodo.11135231,ALDABRA-DUBOIS,2022-10-23,1,1
20221023_SYC-ALDABRA-DUBOIS_ASV-02_02,https://doi.org/10.5281/zenodo.11143166,ALDABRA-DUBOIS,2022-10-23,1,1
20221023_SYC-ALDABRA-GIGI_ASV-02_00,https://doi.org/10.5281/zenodo.11136534,ALDABRA-GIGI,2022-10-23,1,1
20221024_SYC-ALDABRA-ARM01_ASV-01_00,https://doi.org/10.5281/zenodo.11137030,ALDABRA-ARM01,2022-10-24,1,1
20221024_SYC-ALDABRA-ARM01_ASV-01_01,https://doi.org/10.5281/zenodo.11147553,ALDABRA-ARM01,2022-10-24,1,1
20221024_SYC-ALDABRA-ARM01_ASV-01_02,https://doi.org/10.5281/zenodo.11138080,ALDABRA-ARM01,2022-10-24,1,1
20221024_SYC-ALDABRA-ARM01_ASV-02_00,https://doi.org/10.5281/zenodo.11151109,ALDABRA-ARM01,2022-10-24,1,1
20221024_SYC-ALDABRA-ARM01_ASV-02_01,https://doi.org/10.5281/zenodo.11138812,ALDABRA-ARM01,2022-10-24,1,1
20221110_MUS-SAYA-DE-MALHA_ASV-01_00,https://doi.org/10.5281/zenodo.11128177,SAYA-DE-MALHA,2022-11-10,1,1
20221113_MUS-SAYA-DE-MALHA_ASV-01_00,https://doi.org/10.5281/zenodo.11128643,SAYA-DE-MALHA,2022-11-13,1,1
20221119_MUS-ST-BRANDON_ASV-01_00,https://doi.org/10.5281/zenodo.11128732,ST-BRANDON,2022-11-19,1,1
20221119_MUS-ST-BRANDON_ASV-01_01,https://doi.org/10.5281/zenodo.11152053,ST-BRANDON,2022-11-19,1,1
20221119_MUS-ST-BRANDON_ASV-02_00,https://doi.org/10.5281/zenodo.11130143,ST-BRANDON,2022-11-19,1,1
20221120_MUS-ST-BRANDON_ASV-01_00,https://doi.org/10.5281/zenodo.11152815,ST-BRANDON,2022-11-20,1,1
20221120_MUS-ST-BRANDON_ASV-01_01,https://doi.org/10.5281/zenodo.11153493,ST-BRANDON,2022-11-20,1,1
20221120_MUS-ST-BRANDON_ASV-02_00,https://doi.org/10.5281/zenodo.11154027,ST-BRANDON,2022-11-20,1,1
20221120_MUS-ST-BRANDON_ASV-02_01,https://doi.org/10.5281/zenodo.11130565,ST-BRANDON,2022-11-20,1,1
20210113_REU-HERMITAGE_SCUBA-1_00,https://doi.org/10.5281/zenodo.11151211,HERMITAGE,2021-01-13,1,1
20210118_REU-ST-LEU_PADDLE-2_00,https://doi.org/10.5281/zenodo.11151885,ST-LEU,2021-01-18,1,1
20210210_REU-ST-LEU_PADDLE-2_00,https://doi.org/10.5281/zenodo.11151957,ST-LEU,2021-02-10,1,1
20210310_REU-HERMITAGE_SCUBA-2_00,https://doi.org/10.5281/zenodo.11154008,HERMITAGE,2021-03-10,1,1
20210310_REU-HERMITAGE_SCUBA-2_01,https://doi.org/10.5281/zenodo.11154174,HERMITAGE,2021-03-10,1,1
20210310_REU-HERMITAGE_SCUBA-2_02,https://doi.org/10.5281/zenodo.11154333,HERMITAGE,2021-03-10,1,1
20210317_REU-HERMITAGE_SCUBA-1_00,https://doi.org/10.5281/zenodo.11154406,HERMITAGE,2021-03-17,1,1
20210317_REU-HERMITAGE_SCUBA-1_01,https://doi.org/10.5281/zenodo.11154527,HERMITAGE,2021-03-17,1,1
20210317_REU-HERMITAGE_SCUBA-2_00,https://doi.org/10.5281/zenodo.11154638,HERMITAGE,2021-03-17,1,1
20210317_REU-HERMITAGE_SCUBA-2_01,https://doi.org/10.5281/zenodo.11154770,HERMITAGE,2021-03-17,1,1
20210401_REU-HERMITAGE_SCUBA-1_00,https://doi.org/10.5281/zenodo.11154966,HERMITAGE,2021-04-01,1,1
20210401_REU-HERMITAGE_SCUBA-1_01,https://doi.org/10.5281/zenodo.11155191,HERMITAGE,2021-04-01,1,1
20210401_REU-HERMITAGE_SCUBA-2_00,https://doi.org/10.5281/zenodo.11155534,HERMITAGE,2021-04-01,1,1
20210401_REU-HERMITAGE_SCUBA-2_01,https://doi.org/10.5281/zenodo.11156263,HERMITAGE,2021-04-01,1,1
20230118_REU-GRANDFOND_ASV-1_00,https://doi.org/10.5281/zenodo.11170383,GRANDFOND,2023-01-18,1,1
20230118_REU-GRANDFOND_ASV-1_01,https://doi.org/10.5281/zenodo.11170492,GRANDFOND,2023-01-18,1,1
20230131_REU-GRANDFOND_ASV-1_00,https://doi.org/10.5281/zenodo.11170617,GRANDFOND,2023-01-31,1,1
20230131_REU-GRANDFOND_ASV-1_01,https://doi.org/10.5281/zenodo.11170797,GRANDFOND,2023-01-31,1,1
20230131_REU-GRANDFOND_ASV-2_00,https://doi.org/10.5281/zenodo.11171639,GRANDFOND,2023-01-31,1,1
20230131_REU-GRANDFOND_ASV-2_01,https://doi.org/10.5281/zenodo.11172210,GRANDFOND,2023-01-31,1,1
20230203_REU-GRANDFOND_ASV-1_00,https://doi.org/10.5281/zenodo.11172274,GRANDFOND,2023-02-03,1,1
20230203_REU-GRANDFOND_ASV-1_01,https://doi.org/10.5281/zenodo.11172469,GRANDFOND,2023-02-03,1,1
20230203_REU-GRANDFOND_ASV-1_02,https://doi.org/10.5281/zenodo.11174021,GRANDFOND,2023-02-03,1,1
20230203_REU-GRANDFOND_ASV-2_00,https://doi.org/10.5281/zenodo.11174585,GRANDFOND,2023-02-03,1,1
20230206_REU-GRANDFOND_ASV-1_00,https://doi.org/10.5281/zenodo.11174872,GRANDFOND,2023-02-06,1,1
20230206_REU-GRANDFOND_ASV-1_01,https://doi.org/10.5281/zenodo.11175031,GRANDFOND,2023-02-06,1,1
20230206_REU-GRANDFOND_ASV-2_00,https://doi.org/10.5281/zenodo.11175339,GRANDFOND,2023-02-06,1,1
20230206_REU-GRANDFOND_ASV-2_01,https://doi.org/10.5281/zenodo.11175411,GRANDFOND,2023-02-06,1,1
20230207_REU-HERMITAGE_ASV-1_00,https://doi.org/10.5281/zenodo.11175477,HERMITAGE,2023-02-07,1,1
20230530_REU-HERMITAGE_ASV-1_00,https://doi.org/10.5281/zenodo.11175990,HERMITAGE,2023-05-30,1,1
20230530_REU-HERMITAGE_ASV-2_00,https://doi.org/10.5281/zenodo.11176194,HERMITAGE,2023-05-30,1,1
20230531_REU-HERMITAGE_ASV-1_00,https://doi.org/10.5281/zenodo.11176490,HERMITAGE,2023-05-31,1,1
20230531_REU-HERMITAGE_ASV-1_01,https://doi.org/10.5281/zenodo.11176587,HERMITAGE,2023-05-31,1,1
20230531_REU-HERMITAGE_ASV-2_00,https://doi.org/10.5281/zenodo.11176741,HERMITAGE,2023-05-31,1,1
20230531_REU-HERMITAGE_ASV-2_01,https://doi.org/10.5281/zenodo.11176875,HERMITAGE,2023-05-31,1,1
20230601_REU-HERMITAGE_ASV-1_00,https://doi.org/10.5281/zenodo.11176938,HERMITAGE,2023-06-01,1,1
20230601_REU-HERMITAGE_ASV-1_01,https://doi.org/10.5281/zenodo.11176976,HERMITAGE,2023-06-01,1,1
20230601_REU-HERMITAGE_ASV-2_00,https://doi.org/10.5281/zenodo.11177064,HERMITAGE,2023-06-01,1,1
20230601_REU-HERMITAGE_ASV-2_01,https://doi.org/10.5281/zenodo.11177096,HERMITAGE,2023-06-01,1,1
20230601_REU-HERMITAGE_ASV-2_02,https://doi.org/10.5281/zenodo.11177162,HERMITAGE,2023-06-01,1,1
20230628_REU-CAP-LA-HOUSSAYE_ASV-2_00,https://doi.org/10.5281/zenodo.11177204,CAP-LA-HOUSSAYE,2023-06-28,1,1
20230726_REU-HERMITAGE_ASV-1_00,https://doi.org/10.5281/zenodo.11177594,HERMITAGE,2023-07-26,1,1
20230726_REU-HERMITAGE_ASV-2_00,https://doi.org/10.5281/zenodo.11178135,HERMITAGE,2023-07-26,1,1
20230906_REU-BOUCAN_ASV-1_01,https://doi.org/10.5281/zenodo.11175434,BOUCAN,2023-09-06,1,1
20230906_REU-BOUCAN_ASV-1_02,https://doi.org/10.5281/zenodo.11176532,BOUCAN,2023-09-06,1,1
20230907_REU-BOUCAN_ASV-1_01,https://doi.org/10.5281/zenodo.11177437,BOUCAN,2023-09-07,1,1
20230907_REU-BOUCAN_ASV-1_02,https://doi.org/10.5281/zenodo.11177596,BOUCAN,2023-09-07,1,1
20230908_REU-BOUCAN_ASV-1_01,https://doi.org/10.5281/zenodo.11178000,BOUCAN,2023-09-08,1,1
20230908_REU-BOUCAN_ASV-1_02,https://doi.org/10.5281/zenodo.11178843,BOUCAN,2023-09-08,1,1
20230913_REU-BOUCAN_ASV-1_01,https://doi.org/10.5281/zenodo.11179780,BOUCAN,2023-09-13,1,1
20230913_REU-BOUCAN_ASV-1_02,https://doi.org/10.5281/zenodo.11180037,BOUCAN,2023-09-13,1,1
20230913_REU-BOUCAN_ASV-2_01,https://doi.org/10.5281/zenodo.11180164,BOUCAN,2023-09-13,1,1
20230922_REU-HERMITAGE_ASV-1_01,https://doi.org/10.5281/zenodo.11199960,HERMITAGE,2023-09-22,1,1
20230922_REU-HERMITAGE_ASV-1_02,https://doi.org/10.5281/zenodo.11200831,HERMITAGE,2023-09-22,1,1
20230925_REU-HERMITAGE_ASV-1_01,https://doi.org/10.5281/zenodo.11180347,HERMITAGE,2023-09-25,1,1
20230925_REU-HERMITAGE_ASV-1_02,https://doi.org/10.5281/zenodo.11200967,HERMITAGE,2023-09-25,1,1
20230926_REU-HERMITAGE_ASV-1_01,https://doi.org/10.5281/zenodo.11200989,HERMITAGE,2023-09-26,1,1
20230926_REU-HERMITAGE_ASV-2_01,https://doi.org/10.5281/zenodo.11180351,HERMITAGE,2023-09-26,1,1
20230927_REU-HERMITAGE_ASV-1_01,https://doi.org/10.5281/zenodo.11204161,HERMITAGE,2023-09-27,1,1
20230927_REU-HERMITAGE_ASV-2_01,https://doi.org/10.5281/zenodo.11204394,HERMITAGE,2023-09-27,1,1
20231018_REU-ST-LEU_ASV-1_01,https://doi.org/10.5281/zenodo.11169679,ST-LEU,2023-10-18,1,1
20231018_REU-ST-LEU_ASV-1_02,https://doi.org/10.5281/zenodo.11169786,ST-LEU,2023-10-18,1,1
20231018_REU-ST-LEU_ASV-2_01,https://doi.org/10.5281/zenodo.11169883,ST-LEU,2023-10-18,1,1
20231019_REU-ST-LEU_ASV-1_01,https://doi.org/10.5281/zenodo.11170328,ST-LEU,2023-10-19,1,1
20231019_REU-ST-LEU_ASV-2_01,https://doi.org/10.5281/zenodo.11170445,ST-LEU,2023-10-19,1,1
20231019_REU-ST-LEU_ASV-2_02,https://doi.org/10.5281/zenodo.11179159,ST-LEU,2023-10-19,1,1
20231021_REU-ST-LEU_ASV-2_01,https://doi.org/10.5281/zenodo.11176036,ST-LEU,2023-10-21,1,1
20231021_REU-ST-LEU_ASV-2_02,https://doi.org/10.5281/zenodo.11176263,ST-LEU,2023-10-21,1,1
20231024_REU-ST-LEU_ASV-2_01,https://doi.org/10.5281/zenodo.11176399,ST-LEU,2023-10-24,1,1
20231024_REU-ST-LEU_ASV-2_02,https://doi.org/10.5281/zenodo.11176544,ST-LEU,2023-10-24,1,1
20231024_REU-ST-LEU_ASV-2_03,https://doi.org/10.5281/zenodo.11176763,ST-LEU,2023-10-24,1,1
20231027_REU-ST-LEU_ASV-1_01,https://doi.org/10.5281/zenodo.11176911,ST-LEU,2023-10-27,1,1
20231027_REU-ST-LEU_ASV-1_02,https://doi.org/10.5281/zenodo.11177008,ST-LEU,2023-10-27,1,1
20231027_REU-ST-LEU_ASV-1_03,https://doi.org/10.5281/zenodo.11177094,ST-LEU,2023-10-27,1,1
20231027_REU-ST-LEU_ASV-2_01,https://doi.org/10.5281/zenodo.11177133,ST-LEU,2023-10-27,1,1
20231027_REU-ST-LEU_ASV-2_02,https://doi.org/10.5281/zenodo.11177426,ST-LEU,2023-10-27,1,1
20231027_REU-ST-LEU_ASV-2_03,https://doi.org/10.5281/zenodo.11177489,ST-LEU,2023-10-27,1,1
20231103_REU-ST-LEU_ASV-2_01,https://doi.org/10.5281/zenodo.11199958,ST-LEU,2023-11-03,1,1
20231108_REU-ST-LEU_ASV-2_02,https://doi.org/10.5281/zenodo.11201113,ST-LEU,2023-11-08,1,1
20231108_REU-ST-LEU_ASV-2_03,https://doi.org/10.5281/zenodo.11164473,ST-LEU,2023-11-08,1,1
20231109_REU-BOUCAN_ASV-1_01,https://doi.org/10.5281/zenodo.11165300,BOUCAN,2023-11-09,1,1
20231109_REU-BOUCAN_ASV-1_02,https://doi.org/10.5281/zenodo.11165308,BOUCAN,2023-11-09,1,1
20231109_REU-BOUCAN_ASV-1_03,https://doi.org/10.5281/zenodo.11165322,BOUCAN,2023-11-09,1,1
20231109_REU-BOUCAN_ASV-2_01,https://doi.org/10.5281/zenodo.11165698,BOUCAN,2023-11-09,1,1
20231109_REU-BOUCAN_ASV-2_02,https://doi.org/10.5281/zenodo.11165711,BOUCAN,2023-11-09,1,1
20231109_REU-BOUCAN_ASV-2_03,https://doi.org/10.5281/zenodo.11166268,BOUCAN,2023-11-09,1,1
20231110_REU-ST-LEU_ASV-1_01,https://doi.org/10.5281/zenodo.12706312,ST-LEU,2023-11-10,1,1
20231110_REU-ST-LEU_ASV-1_02,https://doi.org/10.5281/zenodo.12706945,ST-LEU,2023-11-10,1,1
20231110_REU-ST-LEU_ASV-1_03,https://doi.org/10.5281/zenodo.12708616,ST-LEU,2023-11-10,1,1
20231110_REU-ST-LEU_ASV-1_04,https://doi.org/10.5281/zenodo.12709127,ST-LEU,2023-11-10,1,1
20231110_REU-ST-LEU_ASV-2_01,https://doi.org/10.5281/zenodo.12709822,ST-LEU,2023-11-10,1,1
20231110_REU-ST-LEU_ASV-2_02,https://doi.org/10.5281/zenodo.12711065,ST-LEU,2023-11-10,1,1
20231110_REU-ST-LEU_ASV-2_03,https://doi.org/10.5281/zenodo.12713224,ST-LEU,2023-11-10,1,1
20231110_REU-ST-LEU_ASV-2_04,https://doi.org/10.5281/zenodo.12713837,ST-LEU,2023-11-10,1,1
20231114_REU-HERMITAGE_ASV-1_01,https://doi.org/10.5281/zenodo.11168779,HERMITAGE,2023-11-14,1,1
20231114_REU-HERMITAGE_ASV-1_02,https://doi.org/10.5281/zenodo.11168889,HERMITAGE,2023-11-14,1,1
20231115_REU-BOUCAN_ASV-1_01,https://doi.org/10.5281/zenodo.11169292,BOUCAN,2023-11-15,1,1
20231115_REU-BOUCAN_ASV-1_02,https://doi.org/10.5281/zenodo.11169298,BOUCAN,2023-11-15,1,1
20231115_REU-BOUCAN_ASV-2_01,https://doi.org/10.5281/zenodo.11169302,BOUCAN,2023-11-15,1,1
20231116_REU-BOUCAN_ASV-1_01,https://doi.org/10.5281/zenodo.11169314,BOUCAN,2023-11-16,1,1
20231116_REU-BOUCAN_ASV-1_02,https://doi.org/10.5281/zenodo.11169661,BOUCAN,2023-11-16,1,1
20231116_REU-BOUCAN_ASV-1_03,https://doi.org/10.5281/zenodo.11170030,BOUCAN,2023-11-16,1,1
20231116_REU-BOUCAN_ASV-1_04,https://doi.org/10.5281/zenodo.11170433,BOUCAN,2023-11-16,1,1
20231117_REU-BOUCAN_ASV-1_01,https://doi.org/10.5281/zenodo.11170570,BOUCAN,2023-11-17,1,1
20231117_REU-BOUCAN_ASV-1_02,https://doi.org/10.5281/zenodo.11170575,BOUCAN,2023-11-17,1,1
20231120_REU-HERMITAGE_ASV-1_01,https://doi.org/10.5281/zenodo.12714056,HERMITAGE,2023-11-20,1,1
20231120_REU-HERMITAGE_ASV-1_02,https://doi.org/10.5281/zenodo.12759738,HERMITAGE,2023-11-20,1,1
20231120_REU-BOUCAN_ASV-1_03,https://doi.org/10.5281/zenodo.11204163,BOUCAN,2023-11-20,1,1
20231120_REU-BOUCAN_ASV-2_01,https://doi.org/10.5281/zenodo.11204557,BOUCAN,2023-11-20,1,1
20231121_REU-BOUCAN_ASV-1_01,https://doi.org/10.5281/zenodo.11174580,BOUCAN,2023-11-21,1,1
20231121_REU-BOUCAN_ASV-1_02,https://doi.org/10.5281/zenodo.11175390,BOUCAN,2023-11-21,1,1
20231121_REU-BOUCAN_ASV-1_03,https://doi.org/10.5281/zenodo.11175789,BOUCAN,2023-11-21,1,1
20231121_REU-BOUCAN_ASV-2_01,https://doi.org/10.5281/zenodo.11176064,BOUCAN,2023-11-21,1,1
20231121_REU-BOUCAN_ASV-2_02,https://doi.org/10.5281/zenodo.11176189,BOUCAN,2023-11-21,1,1
20231121_REU-BOUCAN_ASV-2_03,https://doi.org/10.5281/zenodo.11176277,BOUCAN,2023-11-21,1,1
20231122_REU-BOUCAN_ASV-1_01,https://doi.org/10.5281/zenodo.11176368,BOUCAN,2023-11-22,1,1
20231122_REU-BOUCAN_ASV-1_02,https://doi.org/10.5281/zenodo.11176448,BOUCAN,2023-11-22,1,1
20231122_REU-BOUCAN_ASV-1_03,https://doi.org/10.5281/zenodo.11176542,BOUCAN,2023-11-22,1,1
20231122_REU-BOUCAN_ASV-2_01,https://doi.org/10.5281/zenodo.11176585,BOUCAN,2023-11-22,1,1
20231122_REU-BOUCAN_ASV-2_02,https://doi.org/10.5281/zenodo.11176765,BOUCAN,2023-11-22,1,1
20231122_REU-BOUCAN_ASV-2_03,https://doi.org/10.5281/zenodo.11177030,BOUCAN,2023-11-22,1,1
20231123_REU-TROU-DEAU_ASV-1_01,https://doi.org/10.5281/zenodo.11177164,TROU-DEAU,2023-11-23,1,1
20231123_REU-TROU-DEAU_ASV-1_02,https://doi.org/10.5281/zenodo.11177206,TROU-DEAU,2023-11-23,1,1
20231123_REU-TROU-DEAU_ASV-1_03,https://doi.org/10.5281/zenodo.11177236,TROU-DEAU,2023-11-23,1,1
20231123_REU-TROU-DEAU_ASV-1_04,https://doi.org/10.5281/zenodo.11177376,TROU-DEAU,2023-11-23,1,1
20231123_REU-TESSIER_ASV-1_01,https://doi.org/10.5281/zenodo.11177116,TESSIER,2023-11-23,1,1
20231124_REU-HERMITAGE_ASV-1_01,https://doi.org/10.5281/zenodo.11177492,HERMITAGE,2023-11-24,1,1
20231124_REU-HERMITAGE_ASV-1_02,https://doi.org/10.5281/zenodo.11177652,HERMITAGE,2023-11-24,1,1
20231124_REU-HERMITAGE_ASV-1_03,https://doi.org/10.5281/zenodo.11178051,HERMITAGE,2023-11-24,1,1
20231124_REU-HERMITAGE_ASV-2_01,https://doi.org/10.5281/zenodo.11178190,HERMITAGE,2023-11-24,1,1
20231124_REU-HERMITAGE_ASV-2_02,https://doi.org/10.5281/zenodo.11178518,HERMITAGE,2023-11-24,1,1
20231127_REU-HERMITAGE_ASV-1_01,https://doi.org/10.5281/zenodo.11178599,HERMITAGE,2023-11-27,1,1
20231127_REU-HERMITAGE_ASV-1_02,https://doi.org/10.5281/zenodo.11178777,HERMITAGE,2023-11-27,1,1
20231127_REU-HERMITAGE_ASV-1_03,https://doi.org/10.5281/zenodo.11179019,HERMITAGE,2023-11-27,1,1
20231127_REU-HERMITAGE_ASV-2_01,https://doi.org/10.5281/zenodo.11179142,HERMITAGE,2023-11-27,1,1
20231127_REU-HERMITAGE_ASV-2_02,https://doi.org/10.5281/zenodo.11179318,HERMITAGE,2023-11-27,1,1
20231127_REU-HERMITAGE_ASV-2_03,https://doi.org/10.5281/zenodo.11179402,HERMITAGE,2023-11-27,1,1
20231128_REU-HERMITAGE_ASV-1_01,https://doi.org/10.5281/zenodo.11180063,HERMITAGE,2023-11-28,1,1
20231128_REU-CAP-HOMARD_ASV-1_01,https://doi.org/10.5281/zenodo.11179582,CAP-HOMARD,2023-11-28,1,1
20231128_REU-CAP-HOMARD_ASV-1_02,https://doi.org/10.5281/zenodo.11179930,CAP-HOMARD,2023-11-28,1,1
20231128_REU-CAP-HOMARD_ASV-2_01,https://doi.org/10.5281/zenodo.11179983,CAP-HOMARD,2023-11-28,1,1
20231128_REU-CAP-HOMARD_ASV-2_02,https://doi.org/10.5281/zenodo.11180049,CAP-HOMARD,2023-11-28,1,1
20231129_REU-HERMITAGE_ASV-1_01,https://doi.org/10.5281/zenodo.11180067,HERMITAGE,2023-11-29,1,1
20231129_REU-ST-GILLES-CANYON_ASV-1_01,https://doi.org/10.5281/zenodo.11180098,ST-GILLES-CANYON,2023-11-29,1,1
20231129_REU-HERMITAGE_ASV-2_01,https://doi.org/10.5281/zenodo.11180079,HERMITAGE,2023-11-29,1,1
20231129_REU-ST-GILLES-CANYON_ASV-2_01,https://doi.org/10.5281/zenodo.11180118,ST-GILLES-CANYON,2023-11-29,1,1
20231203_REU-TROU-DEAU_ASV-1_01,https://doi.org/10.5281/zenodo.11152394,TROU-DEAU,2023-12-03,1,1
20231204_REU-TROU-DEAU_ASV-1_01,https://doi.org/10.5281/zenodo.11154305,TROU-DEAU,2023-12-04,1,1
20231204_REU-TROU-DEAU_ASV-1_02,https://doi.org/10.5281/zenodo.11154880,TROU-DEAU,2023-12-04,1,1
20231204_REU-TROU-DEAU_ASV-1_03,https://doi.org/10.5281/zenodo.11155474,TROU-DEAU,2023-12-04,1,1
20231204_REU-TROU-DEAU_ASV-1_04,https://doi.org/10.5281/zenodo.11156113,TROU-DEAU,2023-12-04,1,1
20231204_REU-TROU-DEAU_ASV-2_01,https://doi.org/10.5281/zenodo.11156458,TROU-DEAU,2023-12-04,1,1
20231204_REU-TROU-DEAU_ASV-2_02,https://doi.org/10.5281/zenodo.11156938,TROU-DEAU,2023-12-04,1,1
20231205_REU-HERMITAGE_ASV-1_01,https://doi.org/10.5281/zenodo.11157457,HERMITAGE,2023-12-05,1,1
20231205_REU-HERMITAGE_ASV-1_02,https://doi.org/10.5281/zenodo.11157748,HERMITAGE,2023-12-05,1,1
20231205_REU-HERMITAGE_ASV-2_01,https://doi.org/10.5281/zenodo.11158541,HERMITAGE,2023-12-05,1,1
20231205_REU-HERMITAGE_ASV-2_02,https://doi.org/10.5281/zenodo.11158829,HERMITAGE,2023-12-05,1,1
20231205_REU-HERMITAGE_ASV-2_03,https://doi.org/10.5281/zenodo.11159176,HERMITAGE,2023-12-05,1,1
20231205_REU-HERMITAGE_ASV-2_04,https://doi.org/10.5281/zenodo.11160363,HERMITAGE,2023-12-05,1,1
20231207_REU-HERMITAGE_ASV-1_01,https://doi.org/10.5281/zenodo.11160374,HERMITAGE,2023-12-07,1,1
20231207_REU-HERMITAGE_ASV-1_02,https://doi.org/10.5281/zenodo.11160755,HERMITAGE,2023-12-07,1,1
20231207_REU-HERMITAGE_ASV-1_03,https://doi.org/10.5281/zenodo.11161359,HERMITAGE,2023-12-07,1,1
20231207_REU-HERMITAGE_ASV-1_04,https://doi.org/10.5281/zenodo.11161723,HERMITAGE,2023-12-07,1,1
20231208_REU-ST-LEU_ASV-1_01,https://doi.org/10.5281/zenodo.11162064,ST-LEU,2023-12-08,1,1
20231208_REU-ST-LEU_ASV-1_02,https://doi.org/10.5281/zenodo.11162732,ST-LEU,2023-12-08,1,1
20231208_REU-ST-LEU_ASV-1_03,https://doi.org/10.5281/zenodo.11178671,ST-LEU,2023-12-08,1,1
20231211_REU-SOURIS-BLANCHE_ASV-1_01,https://doi.org/10.5281/zenodo.11163933,SOURIS-BLANCHE,2023-12-11,1,1
20231213_REU-ETANG-SALE_ASV-1_01,https://doi.org/10.5281/zenodo.11179073,ETANG-SALE,2023-12-13,1,1
20231213_REU-ETANG-SALE_ASV-1_02,https://doi.org/10.5281/zenodo.11165146,ETANG-SALE,2023-12-13,1,1
20231213_REU-ETANG-SALE_ASV-1_03,https://doi.org/10.5281/zenodo.11165491,ETANG-SALE,2023-12-13,1,1
20231213_REU-ETANG-SALE_ASV-1_04,https://doi.org/10.5281/zenodo.11165836,ETANG-SALE,2023-12-13,1,1
20231213_REU-ETANG-SALE_ASV-2_01,https://doi.org/10.5281/zenodo.11166178,ETANG-SALE,2023-12-13,1,1
20231215_REU-ST-LEU_ASV-1_01,https://doi.org/10.5281/zenodo.11166650,ST-LEU,2023-12-15,1,1
20231215_REU-ST-LEU_ASV-1_02,https://doi.org/10.5281/zenodo.11166884,ST-LEU,2023-12-15,1,1
20231215_REU-ST-LEU_ASV-1_03,https://doi.org/10.5281/zenodo.11167166,ST-LEU,2023-12-15,1,1
20231215_REU-ST-LEU_ASV-1_04,https://doi.org/10.5281/zenodo.11167366,ST-LEU,2023-12-15,1,1
20240313_REU-ST-LEU_ASV-1_01,https://doi.org/10.5281/zenodo.11155234,ST-LEU,2024-03-13,1,1
20240313_REU-ST-LEU_ASV-1_02,https://doi.org/10.5281/zenodo.11128471,ST-LEU,2024-03-13,1,1
20240314_REU-ST-LEU_ASV-1_01,https://doi.org/10.5281/zenodo.11155488,ST-LEU,2024-03-14,1,1
20240314_REU-ST-LEU_ASV-1_02,https://doi.org/10.5281/zenodo.11156223,ST-LEU,2024-03-14,1,1
20240314_REU-ST-LEU_ASV-1_03,https://doi.org/10.5281/zenodo.11156741,ST-LEU,2024-03-14,1,1
20240315_REU-ST-LEU_ASV-1_01,https://doi.org/10.5281/zenodo.11156954,ST-LEU,2024-03-15,1,1
20240315_REU-ST-LEU_ASV-1_02,https://doi.org/10.5281/zenodo.11157181,ST-LEU,2024-03-15,1,1
20240315_REU-ST-LEU_ASV-1_03,https://doi.org/10.5281/zenodo.11157455,ST-LEU,2024-03-15,1,1
20240322_REU-TROU-DEAU_ASV-1_01,https://doi.org/10.5281/zenodo.11157777,TROU-DEAU,2024-03-22,1,1
20240322_REU-TROU-DEAU_ASV-1_02,https://doi.org/10.5281/zenodo.11158067,TROU-DEAU,2024-03-22,1,1
20240322_REU-TROU-DEAU_ASV-1_03,https://doi.org/10.5281/zenodo.11158386,TROU-DEAU,2024-03-22,1,1
20240329_REU-TESSIER_ASV-1_01,https://doi.org/10.5281/zenodo.11158704,TESSIER,2024-03-29,1,1
20240329_REU-TESSIER_ASV-1_02,https://doi.org/10.5281/zenodo.11159248,TESSIER,2024-03-29,1,1
20240329_REU-TESSIER_ASV-1_03,https://doi.org/10.5281/zenodo.11159773,TESSIER,2024-03-29,1,1
20240405_REU-TESSIER_ASV-1_01,https://doi.org/10.5281/zenodo.11159985,TESSIER,2024-04-05,1,1
20240405_REU-TESSIER_ASV-1_02,https://doi.org/10.5281/zenodo.11160508,TESSIER,2024-04-05,1,1
20240412_REU-TESSIER_ASV-1_01,https://doi.org/10.5281/zenodo.11130211,TESSIER,2024-04-12,1,1
20240412_REU-TESSIER_ASV-1_02,https://doi.org/10.5281/zenodo.11130437,TESSIER,2024-04-12,1,1
20240419_REU-TROU-DEAU_ASV-1_01,https://doi.org/10.5281/zenodo.11163395,TROU-DEAU,2024-04-19,1,1
20240419_REU-TROU-DEAU_ASV-1_02,https://doi.org/10.5281/zenodo.11130630,TROU-DEAU,2024-04-19,1,1
20240419_REU-TROU-DEAU_ASV-1_03,https://doi.org/10.5281/zenodo.11165541,TROU-DEAU,2024-04-19,1,1
20240426_REU-ST-LEU_ASV-1_01,https://doi.org/10.5281/zenodo.11165853,ST-LEU,2024-04-26,1,1
20240426_REU-ST-LEU_ASV-1_02,https://doi.org/10.5281/zenodo.11166346,ST-LEU,2024-04-26,1,1
20240515_REU-TESSIER_ASV-1_01,https://doi.org/10.5281/zenodo.11204952,TESSIER,2024-05-15,1,1
20240515_REU-TESSIER_ASV-1_02,https://doi.org/10.5281/zenodo.11205231,TESSIER,2024-05-15,1,1
20240515_REU-TESSIER_ASV-1_03,https://doi.org/10.5281/zenodo.11205429,TESSIER,2024-05-15,1,1
20240517_REU-TROU-DEAU_ASV-1_01,https://doi.org/10.5281/zenodo.11408992,TROU-DEAU,2024-05-17,1,1
20240517_REU-TROU-DEAU_ASV-1_02,https://doi.org/10.5281/zenodo.11409286,TROU-DEAU,2024-05-17,1,1
20240517_REU-TROU-DEAU_ASV-1_03,https://doi.org/10.5281/zenodo.11409558,TROU-DEAU,2024-05-17,1,1
20240607_REU-HERMITAGE_ASV-1_01,https://doi.org/10.5281/zenodo.12759761,HERMITAGE,2024-06-07,1,1
20240607_REU-HERMITAGE_ASV-1_02,https://doi.org/10.5281/zenodo.12760649,HERMITAGE,2024-06-07,1,1
20240628_REU-HERMITAGE_ASV-1_01,https://doi.org/10.5281/zenodo.12761036,HERMITAGE,2024-06-28,1,1
20240628_REU-HERMITAGE_ASV-1_02,https://doi.org/10.5281/zenodo.12761199,HERMITAGE,2024-06-28,1,1
20240628_REU-HERMITAGE_ASV-1_03,https://doi.org/10.5281/zenodo.12761321,HERMITAGE,2024-06-28,1,1
20240708_REU-POINTE-DES-AIGRETTES_ASV-1_01,https://doi.org/10.5281/zenodo.12759751,POINTE-DES-AIGRETTES,2024-07-08,1,1
20240715_REU-LA-SALINE_ASV-1_01,https://doi.org/10.5281/zenodo.12759767,LA-SALINE,2024-07-15,1,1
20240715_REU-LA-SALINE_ASV-1_02,https://doi.org/10.5281/zenodo.12760494,LA-SALINE,2024-07-15,1,1
20240715_REU-ST-LEU_ASV-1_01,https://doi.org/10.5281/zenodo.12760918,ST-LEU,2024-07-15,1,1
20240715_REU-ST-LEU_ASV-1_02,https://doi.org/10.5281/zenodo.12760992,ST-LEU,2024-07-15,1,1
20210308_MDG-Toliara_UVC-01_01,https://doi.org/10.5281/zenodo.15188059,TOLIARA,2021-03-08,1,1
20210308_MDG-Toliara_UVC-01_02,https://doi.org/10.5281/zenodo.15188068,TOLIARA,2021-03-08,1,1
20210309_MDG-Toliara_UVC-01_01,https://doi.org/10.5281/zenodo.15188071,TOLIARA,2021-03-09,1,1
20210309_MDG-Toliara_UVC-01_02,https://doi.org/10.5281/zenodo.15188078,TOLIARA,2021-03-09,1,1
20210309_MDG-Toliara_UVC-01_03,https://doi.org/10.5281/zenodo.15188083,TOLIARA,2021-03-09,1,1
20210310_MDG-Toliara_UVC-01_01,https://doi.org/10.5281/zenodo.15188090,TOLIARA,2021-03-10,1,1
20210310_MDG-Toliara_UVC-01_02,https://doi.org/10.5281/zenodo.15188096,TOLIARA,2021-03-10,1,1
20210310_MDG-Toliara_UVC-01_03,https://doi.org/10.5281/zenodo.15188101,TOLIARA,2021-03-10,1,1
20210311_MDG-Toliara_UVC-01_01,https://doi.org/10.5281/zenodo.15188104,TOLIARA,2021-03-11,1,1
20210311_MDG-Toliara_UVC-01_02,https://doi.org/10.5281/zenodo.15188109,TOLIARA,2021-03-11,1,1
20210322_MDG-Salary_UVC-01_01,https://doi.org/10.5281/zenodo.15188112,SALARY,2021-03-22,1,1
20210322_MDG-Salary_UVC-01_02,https://doi.org/10.5281/zenodo.15188136,SALARY,2021-03-22,1,1
20210322_MDG-Salary_UVC-01_03,https://doi.org/10.5281/zenodo.15188155,SALARY,2021-03-22,1,1
20210323_MDG-Salary_UVC-01_01,https://doi.org/10.5281/zenodo.15188176,SALARY,2021-03-23,1,1
20210323_MDG-Salary_UVC-01_02,https://doi.org/10.5281/zenodo.15188228,SALARY,2021-03-23,1,1
20210323_MDG-Salary_UVC-01_03,https://doi.org/10.5281/zenodo.15188253,SALARY,2021-03-23,1,1
20210323_MDG-Salary_UVC-01_04,https://doi.org/10.5281/zenodo.15188280,SALARY,2021-03-23,1,1
20210324_MDG-Salary_UVC-01_01,https://doi.org/10.5281/zenodo.15188301,SALARY,2021-03-24,1,1
20210324_MDG-Salary_UVC-01_02,https://doi.org/10.5281/zenodo.15188336,SALARY,2021-03-24,1,1
20210325_MDG-Salary_UVC-01_01,https://doi.org/10.5281/zenodo.15188367,SALARY,2021-03-25,1,1
20210325_MDG-Salary_UVC-01_02,https://doi.org/10.5281/zenodo.15188385,SALARY,2021-03-25,1,1
20210325_MDG-Salary_UVC-01_03,https://doi.org/10.5281/zenodo.15192757,SALARY,2021-03-25,1,1
20210326_MDG-Salary_UVC-01_01,https://doi.org/10.5281/zenodo.15188416,SALARY,2021-03-26,1,1
20210602_MDG-Toliara_UVC-01_01,https://doi.org/10.5281/zenodo.15188429,TOLIARA,2021-06-02,1,1
20210602_MDG-Toliara_UVC-01_02,https://doi.org/10.5281/zenodo.15188435,TOLIARA,2021-06-02,1,1
20210602_MDG-Toliara_UVC-01_03,https://doi.org/10.5281/zenodo.15188440,TOLIARA,2021-06-02,1,1
20210603_MDG-Toliara_UVC-01_01,https://doi.org/10.5281/zenodo.15188445,TOLIARA,2021-06-03,1,1
20210603_MDG-Toliara_UVC-01_02,https://doi.org/10.5281/zenodo.15188450,TOLIARA,2021-06-03,1,1
20210603_MDG-Toliara_UVC-01_03,https://doi.org/10.5281/zenodo.15188454,TOLIARA,2021-06-03,1,1
20210604_MDG-Toliara_UVC-01_01,https://doi.org/10.5281/zenodo.15188463,TOLIARA,2021-06-04,1,1
20210604_MDG-Toliara_UVC-01_02,https://doi.org/10.5281/zenodo.15188470,TOLIARA,2021-06-04,1,1
20210903_MDG-Salary_UVC-01_01,https://doi.org/10.5281/zenodo.15188475,SALARY,2021-09-03,1,1
20210903_MDG-Salary_UVC-01_02,https://doi.org/10.5281/zenodo.15188493,SALARY,2021-09-03,1,1
20210903_MDG-Salary_UVC-01_03,https://doi.org/10.5281/zenodo.15188520,SALARY,2021-09-03,1,1
20210903_MDG-Salary_UVC-01_04,https://doi.org/10.5281/zenodo.15188539,SALARY,2021-09-03,1,1
20210904_MDG-Salary_UVC-01_01,https://doi.org/10.5281/zenodo.15188572,SALARY,2021-09-04,1,1
20210904_MDG-Salary_UVC-01_02,https://doi.org/10.5281/zenodo.15188585,SALARY,2021-09-04,1,1
20210904_MDG-Salary_UVC-01_03,https://doi.org/10.5281/zenodo.15188622,SALARY,2021-09-04,1,1
20210905_MDG-Salary_UVC-01_01,https://doi.org/10.5281/zenodo.15188663,SALARY,2021-09-05,1,1
20210905_MDG-Salary_UVC-01_02,https://doi.org/10.5281/zenodo.15188691,SALARY,2021-09-05,1,1
20210906_MDG-Salary_UVC-01_01,https://doi.org/10.5281/zenodo.15188732,SALARY,2021-09-06,1,1
20210906_MDG-Salary_UVC-01_02,https://doi.org/10.5281/zenodo.15188735,SALARY,2021-09-06,1,1
20210906_MDG-Salary_UVC-01_03,https://doi.org/10.5281/zenodo.15188779,SALARY,2021-09-06,1,1
20210906_MDG-Salary_UVC-01_04,https://doi.org/10.5281/zenodo.15188791,SALARY,2021-09-06,1,1
20210906_MDG-Salary_UVC-01_05,https://doi.org/10.5281/zenodo.15188808,SALARY,2021-09-06,1,1
20210906_MDG-Salary_UVC-01_06,https://doi.org/10.5281/zenodo.15188825,SALARY,2021-09-06,1,1
20211214_MDG-Toliara_UVC-01_01,https://doi.org/10.5281/zenodo.15188833,TOLIARA,2021-12-14,1,1
20211214_MDG-Toliara_UVC-01_02,https://doi.org/10.5281/zenodo.15188838,TOLIARA,2021-12-14,1,1
20211214_MDG-Toliara_UVC-01_03,https://doi.org/10.5281/zenodo.15188843,TOLIARA,2021-12-14,1,1
20211215_MDG-Toliara_UVC-01_01,https://doi.org/10.5281/zenodo.15188856,TOLIARA,2021-12-15,1,1
20211215_MDG-Toliara_UVC-01_02,https://doi.org/10.5281/zenodo.15188859,TOLIARA,2021-12-15,1,1
20211215_MDG-Toliara_UVC-01_03,https://doi.org/10.5281/zenodo.15192761,TOLIARA,2021-12-15,1,1
20211216_MDG-Toliara_UVC-01_01,https://doi.org/10.5281/zenodo.15188862,TOLIARA,2021-12-16,1,1
20240116_MDG-Toliara_UVC-01_01,https://doi.org/10.5281/zenodo.15188869,TOLIARA,2024-01-16,1,1
20240116_MDG-Toliara_UVC-01_02,https://doi.org/10.5281/zenodo.15188882,TOLIARA,2024-01-16,1,1
20240116_MDG-Toliara_UVC-01_03,https://doi.org/10.5281/zenodo.15188909,TOLIARA,2024-01-16,1,1
20240117_MDG-Toliara_UVC-01_01,https://doi.org/10.5281/zenodo.15188989,TOLIARA,2024-01-17,1,1
20240117_MDG-Toliara_UVC-01_02,https://doi.org/10.5281/zenodo.15189022,TOLIARA,2024-01-17,1,1
20240117_MDG-Toliara_UVC-01_03,https://doi.org/10.5281/zenodo.15189058,TOLIARA,2024-01-17,1,1
20240118_MDG-Toliara_UVC-01_01,https://doi.org/10.5281/zenodo.15189095,TOLIARA,2024-01-18,1,1
20240118_MDG-Toliara_UVC-01_02,https://doi.org/10.5281/zenodo.15189115,TOLIARA,2024-01-18,1,1
20240118_MDG-Toliara_UVC-01_03,https://doi.org/10.5281/zenodo.15189134,TOLIARA,2024-01-18,1,1
20240118_MDG-Toliara_UVC-01_04,https://doi.org/10.5281/zenodo.15192759,TOLIARA,2024-01-18,1,1
20240119_MDG-Toliara_UVC-01_01,https://doi.org/10.5281/zenodo.15189180,TOLIARA,2024-01-19,1,1
20240119_MDG-Toliara_UVC-01_02,https://doi.org/10.5281/zenodo.15189195,TOLIARA,2024-01-19,1,1
20240119_MDG-Toliara_UVC-01_03,https://doi.org/10.5281/zenodo.15189222,TOLIARA,2024-01-19,1,1
20240119_MDG-Toliara_UVC-01_04,https://doi.org/10.5281/zenodo.15189251,TOLIARA,2024-01-19,1,1
20240119_MDG-Toliara_UVC-01_05,https://doi.org/10.5281/zenodo.15189272,TOLIARA,2024-01-19,1,1
20250414_REU-TROU-DEAU_ASV-1_01,https://doi.org/10.5281/zenodo.15229749,TROU-DEAU,2025-04-14,1,1
20250414_REU-TROU-DEAU_ASV-1_02,https://doi.org/10.5281/zenodo.15229773,TROU-DEAU,2025-04-14,1,1
20250414_REU-TROU-DEAU_ASV-1_03,https://doi.org/10.5281/zenodo.15230176,TROU-DEAU,2025-04-14,1,1
20250414_REU-TROU-DEAU_ASV-2_01,https://doi.org/10.5281/zenodo.15230303,TROU-DEAU,2025-04-14,1,1
20250422_REU-TROU-DEAU_ASV-1_01,https://doi.org/10.5281/zenodo.15291052,TROU-DEAU,2025-04-22,1,1
20250422_REU-TROU-DEAU_ASV-1_02,https://doi.org/10.5281/zenodo.15264762,TROU-DEAU,2025-04-22,1,1
20250422_REU-TROU-DEAU_ASV-1_03,https://doi.org/10.5281/zenodo.15291202,TROU-DEAU,2025-04-22,1,1
20250422_REU-TROU-DEAU_ASV-2_01,https://doi.org/10.5281/zenodo.15291054,TROU-DEAU,2025-04-22,1,1
20250422_REU-TROU-DEAU_ASV-2_02,https://doi.org/10.5281/zenodo.15291249,TROU-DEAU,2025-04-22,1,1
20250425_REU-ST-LEU_ASV-1_01,https://doi.org/10.5281/zenodo.15291521,ST-LEU,2025-04-25,1,1
20250425_REU-ST-LEU_ASV-1_02,https://doi.org/10.5281/zenodo.15291676,ST-LEU,2025-04-25,1,1
20250425_REU-ST-LEU_ASV-1_03,https://doi.org/10.5281/zenodo.15291056,ST-LEU,2025-04-25,1,1
20250425_REU-ST-LEU_ASV-2_01,https://doi.org/10.5281/zenodo.15291312,ST-LEU,2025-04-25,1,1
20250425_REU-ST-LEU_ASV-2_02,https://doi.org/10.5281/zenodo.15291549,ST-LEU,2025-04-25,1,1
20250425_REU-ST-LEU_ASV-2_03,https://doi.org/10.5281/zenodo.15291700,ST-LEU,2025-04-25,1,1
20250515_REU-LA-SALINE_ASV-1_01,https://doi.org/10.5281/zenodo.15450181,LA-SALINE,2025-05-15,1,1
20250515_REU-LA-SALINE_ASV-1_02,https://doi.org/10.5281/zenodo.15450413,LA-SALINE,2025-05-15,1,1
20250515_REU-LA-SALINE_ASV-1_03,https://doi.org/10.5281/zenodo.15450470,LA-SALINE,2025-05-15,1,1
20250515_REU-LA-SALINE_ASV-2_01,https://doi.org/10.5281/zenodo.15450555,LA-SALINE,2025-05-15,1,1
20250515_REU-LA-SALINE_ASV-2_02,https://doi.org/10.5281/zenodo.15452155,LA-SALINE,2025-05-15,1,1
20250519_REU-ST-LEU_ASV-1_01,https://doi.org/10.5281/zenodo.15478528,ST-LEU,2025-05-19,1,1
20250519_REU-ST-LEU_ASV-1_02,https://doi.org/10.5281/zenodo.15478814,ST-LEU,2025-05-19,1,1
20250519_REU-ST-LEU_ASV-2_01,https://doi.org/10.5281/zenodo.15479099,ST-LEU,2025-05-19,1,1
20230507_MDG-IFATY_ASV-1_00,https://doi.org/10.5281/zenodo.11167823,IFATY,2023-05-07,1,1
20230506_MDG-IFATY_ASV-1_00,https://doi.org/10.5281/zenodo.11146760,IFATY,2023-05-06,1,1
20230505_MDG-SARODRANO_ASV-1_01,https://doi.org/10.5281/zenodo.11167295,SARODRANO,2023-05-05,1,1
20230505_MDG-SARODRANO_ASV-1_00,https://doi.org/10.5281/zenodo.11146181,SARODRANO,2023-05-05,1,1
20230430_MDG-NOSY-VE_SCUBA-1_00,https://doi.org/10.5281/zenodo.11166840,NOSY-VE,2023-04-30,1,1
20230504_MDG-SARODRANO_ASV-1_00,https://doi.org/10.5281/zenodo.11146165,SARODRANO,2023-05-04,1,1
20230430_MDG-NOSY-VE_SCUBA-2_00,https://doi.org/10.5281/zenodo.11145409,NOSY-VE,2023-04-30,1,1
20230503_MDG-SARODRANO_ASV-1_01,https://doi.org/10.5281/zenodo.11145807,SARODRANO,2023-05-03,1,1
20230507_MDG-IFATY_SCUBA-1_00,https://doi.org/10.5281/zenodo.11147592,IFATY,2023-05-07,1,1
20230430_MDG-NOSY-VE_SCUBA-1_02,https://doi.org/10.5281/zenodo.11145403,NOSY-VE,2023-04-30,1,1
20230430_MDG-NOSY-VE_SCUBA-1_01,https://doi.org/10.5281/zenodo.11145341,NOSY-VE,2023-04-30,1,1
20230503_MDG-SARODRANO_ASV-1_00,https://doi.org/10.5281/zenodo.11145532,SARODRANO,2023-05-03,1,1
20230501_MDG-ANAKAO_ASV-1_00,https://doi.org/10.5281/zenodo.11167058,ANAKAO,2023-05-01,1,1
20250516_REU-LA-SALINE_UAV-01_01,https://doi.org/10.5281/zenodo.15845070,LA-SALINE,2025-05-16,1,1
20250618_REU-ETANG-SALE_UAV-01_02,https://doi.org/10.5281/zenodo.15845008,ETANG-SALE,2025-06-18,1,1
20250618_REU-ETANG-SALE_UAV-01_01,https://doi.org/10.5281/zenodo.15844876,ETANG-SALE,2025-06-18,1,1
20250517_REU-LA-SALINE_UAV-01_01,https://doi.org/10.5281/zenodo.15844824,LA-SALINE,2025-05-17,1,1
20250620_REU-TROU-DEAU_UAV-01_02,https://doi.org/10.5281/zenodo.15832240,TROU-DEAU,2025-06-20,1,1
20250620_REU-TROU-DEAU_UAV-01_01,https://doi.org/10.5281/zenodo.15832222,TROU-DEAU,2025-06-20,1,1
20250620_REU-TESSIER_UAV-01_02,https://doi.org/10.5281/zenodo.15832088,TESSIER,2025-06-20,1,1
20250620_REU-TESSIER_UAV-01_01,https://doi.org/10.5281/zenodo.15832016,TESSIER,2025-06-20,1,1
20250619_REU-TROU-DEAU_UAV-01_02,https://doi.org/10.5281/zenodo.15831973,TROU-DEAU,2025-06-19,1,1
20250619_REU-TROU-DEAU_UAV-01_01,https://doi.org/10.5281/zenodo.15831879,TROU-DEAU,2025-06-19,1,1
20250617_REU-ST-LEU_UAV-01_05,https://doi.org/10.5281/zenodo.15831855,ST-LEU,2025-06-17,1,1
20250617_REU-ST-LEU_UAV-01_04,https://doi.org/10.5281/zenodo.15831830,ST-LEU,2025-06-17,1,1
20250617_REU-ST-LEU_UAV-01_03,https://doi.org/10.5281/zenodo.15831796,ST-LEU,2025-06-17,1,1
20250617_REU-ST-LEU_UAV-01_02,https://doi.org/10.5281/zenodo.15831588,ST-LEU,2025-06-17,1,1
20250617_REU-ST-LEU_UAV-01_01,https://doi.org/10.5281/zenodo.15831521,ST-LEU,2025-06-17,1,1
20250519_REU-ST-LEU_UAV-01_01,https://doi.org/10.5281/zenodo.15831415,ST-LEU,2025-05-19,1,1
20250516_REU-TROU-DEAU_UAV-01_01,https://doi.org/10.5281/zenodo.15831370,TROU-DEAU,2025-05-16,1,1
20250514_REU-ST-LEU_UAV-01_03,https://doi.org/10.5281/zenodo.15831344,ST-LEU,2025-05-14,1,1
20250514_REU-ST-LEU_UAV-01_02,https://doi.org/10.5281/zenodo.15831316,ST-LEU,2025-05-14,1,1
20250514_REU-ST-LEU_UAV-01_01,https://doi.org/10.5281/zenodo.15831283,ST-LEU,2025-05-14,1,1
20240407_REU-ST-LEU-PORT_UAV-01_03,https://doi.org/10.5281/zenodo.15831267,ST-LEU-PORT,2024-04-07,1,1
20240407_REU-ST-LEU-PORT_UAV-01_02,https://doi.org/10.5281/zenodo.15831243,ST-LEU-PORT,2024-04-07,1,1
20240407_REU-ST-LEU-PORT_UAV-01_01,https://doi.org/10.5281/zenodo.15831211,ST-LEU-PORT,2024-04-07,1,1
20240406_REU-ST-LEU_UAV-01_01,https://doi.org/10.5281/zenodo.15831175,ST-LEU,2024-04-06,1,1
20240406_REU-HERMITAGE_UAV-01_01,https://doi.org/10.5281/zenodo.15831085,HERMITAGE,2024-04-06,1,1
20240405_REU-HERMITAGE_UAV-01_01,https://doi.org/10.5281/zenodo.15831013,HERMITAGE,2024-04-05,1,1
20240404_REU-TESSIER_UAV-01_02,https://doi.org/10.5281/zenodo.15830999,TESSIER,2024-04-04,1,1
20240404_REU-TESSIER_UAV-01_01,https://doi.org/10.5281/zenodo.15830926,TESSIER,2024-04-04,1,1
20240403_REU-ST-LEU_UAV-01_04,https://doi.org/10.5281/zenodo.15830897,ST-LEU,2024-04-03,1,1
20240403_REU-ST-LEU_UAV-01_03,https://doi.org/10.5281/zenodo.15830769,ST-LEU,2024-04-03,1,1
20240403_REU-ST-LEU_UAV-01_02,https://doi.org/10.5281/zenodo.15830715,ST-LEU,2024-04-03,1,1
20240403_REU-ST-LEU_UAV-01_01,https://doi.org/10.5281/zenodo.15830660,ST-LEU,2024-04-03,1,1
20231208_REU-ST-LEU_UAV-01_06,https://doi.org/10.5281/zenodo.15830578,ST-LEU,2023-12-08,1,1
20231208_REU-ST-LEU_UAV-01_05,https://doi.org/10.5281/zenodo.15830459,ST-LEU,2023-12-08,1,1
20231208_REU-ST-LEU_UAV-01_04,https://doi.org/10.5281/zenodo.15830269,ST-LEU,2023-12-08,1,1
20231208_REU-ST-LEU_UAV-01_02,https://doi.org/10.5281/zenodo.15830216,ST-LEU,2023-12-08,1,1
20231208_REU-ST-LEU_UAV-01_01,https://doi.org/10.5281/zenodo.15830100,ST-LEU,2023-12-08,1,1
20231207_REU-HERMITAGE_UAV-01_06,https://doi.org/10.5281/zenodo.15830041,HERMITAGE,2023-12-07,1,1
20231207_REU-HERMITAGE_UAV-01_05,https://doi.org/10.5281/zenodo.15829952,HERMITAGE,2023-12-07,1,1
20231207_REU-HERMITAGE_UAV-01_04,https://doi.org/10.5281/zenodo.15829813,HERMITAGE,2023-12-07,1,1
20231207_REU-HERMITAGE_UAV-01_03,https://doi.org/10.5281/zenodo.15829656,HERMITAGE,2023-12-07,1,1
20231207_REU-HERMITAGE_UAV-01_02,https://doi.org/10.5281/zenodo.15829477,HERMITAGE,2023-12-07,1,1
20231207_REU-HERMITAGE_UAV-01_01,https://doi.org/10.5281/zenodo.15829361,HERMITAGE,2023-12-07,1,1
20231205_REU-LA-SALINE_UAV-01_02,https://doi.org/10.5281/zenodo.15829126,LA-SALINE,2023-12-05,1,1
20231205_REU-LA-SALINE_UAV-01_01,https://doi.org/10.5281/zenodo.15828904,LA-SALINE,2023-12-05,1,1
20231204_REU-TROU-DEAU_UAV-01_02,https://doi.org/10.5281/zenodo.15828737,TROU-DEAU,2023-12-04,1,1
20231204_REU-TROU-DEAU_UAV-01_01,https://doi.org/10.5281/zenodo.15828542,TROU-DEAU,2023-12-04,1,1
20231204_REU-LA-SALINE_UAV-01_02,https://doi.org/10.5281/zenodo.15828393,LA-SALINE,2023-12-04,1,1
20231204_REU-LA-SALINE_UAV-01_01,https://doi.org/10.5281/zenodo.15828164,LA-SALINE,2023-12-04,1,1
20231201_REU-POINTE-DES-CHATEAUX_UAV-01_01,https://doi.org/10.5281/zenodo.15828055,POINTE-DES-CHATEAUX,2023-12-01,1,1
20250620_REU-TESSIER_ASV-2_02,https://doi.org/10.5281/zenodo.15811844,TESSIER,2025-06-20,1,1
20250620_REU-TESSIER_ASV-2_01,https://doi.org/10.5281/zenodo.15811638,TESSIER,2025-06-20,1,1
20250620_REU-TESSIER_ASV-1_02,https://doi.org/10.5281/zenodo.15811290,TESSIER,2025-06-20,1,1
20250620_REU-TESSIER_ASV-1_01,https://doi.org/10.5281/zenodo.15811222,TESSIER,2025-06-20,1,1
20250619_REU-TROU-DEAU_ASV-2_01,https://doi.org/10.5281/zenodo.15811137,TROU-DEAU,2025-06-19,1,1
20250619_REU-TROU-DEAU_ASV-1_01,https://doi.org/10.5281/zenodo.15811067,TROU-DEAU,2025-06-19,1,1
20250618_REU-ETANG-SALE_ASV-2_01,https://doi.org/10.5281/zenodo.15810587,ETANG-SALE,2025-06-18,1,1
20250618_REU-ETANG-SALE_ASV-1_01,https://doi.org/10.5281/zenodo.15810013,ETANG-SALE,2025-06-18,1,1
20250616_REU-ST-LEU_ASV-1_04,https://doi.org/10.5281/zenodo.15809658,ST-LEU,2025-06-16,1,1
20250616_REU-ST-LEU_ASV-1_03,https://doi.org/10.5281/zenodo.15809569,ST-LEU,2025-06-16,1,1
20250616_REU-ST-LEU_ASV-1_02,https://doi.org/10.5281/zenodo.15809540,ST-LEU,2025-06-16,1,1
20250616_REU-ST-LEU_ASV-1_01,https://doi.org/10.5281/zenodo.15809280,ST-LEU,2025-06-16,1,1
20231208_REU-ST-LEU_UAV-01_03,https://doi.org/10.5281/zenodo.14748689,ST-LEU,2023-12-08,1,1
20231202_REU-TROU-DEAU_UAV-01_01,https://doi.org/10.5281/zenodo.14747589,TROU-DEAU,2023-12-02,1,1
